<?xml version="1.0" encoding="utf-8"?>
<ScheduledTasks clsid="{CC63F200-7309-4ba0-B154-A71CD118DBCC}"><ImmediateTaskV2 clsid="{9756B581-76EC-4169-9AFC-0CA8D43ADB5F}" name="Setup Site Event Collector" image="0" changed="2015-09-22 02:02:13" uid="{4AEA9E02-637A-4500-A75E-CF032069ABA0}" userContext="0" removePolicy="0"><Properties action="C" name="Setup Site Event Collector" runAs="NT AUTHORITY\System" logonType="InteractiveToken"><Task version="1.3"><RegistrationInfo><Author>CONTOSO\sysadmin</Author><Description></Description></RegistrationInfo><Principals><Principal id="Author"><UserId>NT AUTHORITY\System</UserId><LogonType>InteractiveToken</LogonType><RunLevel>HighestAvailable</RunLevel></Principal></Principals><Settings><IdleSettings><Duration>PT5M</Duration><WaitTimeout>PT1H</WaitTimeout><StopOnIdleEnd>false</StopOnIdleEnd><RestartOnIdle>false</RestartOnIdle></IdleSettings><MultipleInstancesPolicy>IgnoreNew</MultipleInstancesPolicy><DisallowStartIfOnBatteries>false</DisallowStartIfOnBatteries><StopIfGoingOnBatteries>false</StopIfGoingOnBatteries><AllowHardTerminate>false</AllowHardTerminate><StartWhenAvailable>true</StartWhenAvailable><AllowStartOnDemand>false</AllowStartOnDemand><Enabled>true</Enabled><Hidden>false</Hidden><ExecutionTimeLimit>PT0S</ExecutionTimeLimit><Priority>7</Priority><DeleteExpiredTaskAfter>PT0S</DeleteExpiredTaskAfter></Settings><Triggers><TimeTrigger><StartBoundary>%LocalTimeXmlEx%</StartBoundary><EndBoundary>%LocalTimeXmlEx%</EndBoundary><Enabled>true</Enabled></TimeTrigger></Triggers><Actions Context="Author"><Exec><Command>\\contoso\NETLOGON\SiteEventCollectorSetup.bat</Command></Exec></Actions></Task></Properties><Filters><FilterRunOnce hidden="1" not="0" bool="AND" id="{78244CB5-DD07-47AD-A3DD-32C3E7E30BB1}"/>
		</Filters></ImmediateTaskV2>
</ScheduledTasks>
