<?xml version="1.0" encoding="utf-8"?><!-- Copyright (c) Microsoft Corporation.  All rights reserved. --><GroupPolicyBackupScheme bkp:version="2.0" bkp:type="GroupPolicyBackupTemplate" xmlns:bkp="http://www.microsoft.com/GroupPolicy/GPOOperations" xmlns="http://www.microsoft.com/GroupPolicy/GPOOperations">
    <GroupPolicyObject><SecurityGroups><Group bkp:Source="FromDACL"><Sid><![CDATA[S-1-5-21-1805412166-108660522-3636815656-519]]></Sid><SamAccountName><![CDATA[Enterprise Admins]]></SamAccountName><Type><![CDATA[UniversalGroup]]></Type><NetBIOSDomainName><![CDATA[CONTOSO]]></NetBIOSDomainName><DnsDomainName><![CDATA[contoso.com]]></DnsDomainName><UPN><![CDATA[Enterprise Admins@contoso.com]]></UPN></Group><Group bkp:Source="FromDACL"><Sid><![CDATA[S-1-5-21-1805412166-108660522-3636815656-512]]></Sid><SamAccountName><![CDATA[Domain Admins]]></SamAccountName><Type><![CDATA[GlobalGroup]]></Type><NetBIOSDomainName><![CDATA[CONTOSO]]></NetBIOSDomainName><DnsDomainName><![CDATA[contoso.com]]></DnsDomainName><UPN><![CDATA[Domain Admins@contoso.com]]></UPN></Group><Group bkp:Source="FromDACL"><Sid><![CDATA[S-1-5-21-1805412166-108660522-3636815656-1605]]></Sid><SamAccountName><![CDATA[Event Clients]]></SamAccountName><Type><![CDATA[GlobalGroup]]></Type><NetBIOSDomainName><![CDATA[CONTOSO]]></NetBIOSDomainName><DnsDomainName><![CDATA[contoso.com]]></DnsDomainName><UPN><![CDATA[Event Clients@contoso.com]]></UPN></Group></SecurityGroups><FilePaths/><GroupPolicyCoreSettings><ID><![CDATA[{A0CC2660-298B-4C5E-B5A4-DB910823A755}]]></ID><Domain><![CDATA[contoso.com]]></Domain><SecurityDescriptor>01 00 04 9c 00 00 00 00 00 00 00 00 00 00 00 00 14 00 00 00 04 00 0c 01 08 00 00 00 05 02 38 00 00 01 00 00 01 00 00 00 8f fd ac ed b3 ff d1 11 b4 1d 00 a0 c9 68 f9 39 01 05 00 00 00 00 00 05 15 00 00 00 46 67 9c 6b 2a 07 7a 06 28 67 c5 d8 45 06 00 00 00 00 24 00 ff 00 0f 00 01 05 00 00 00 00 00 05 15 00 00 00 46 67 9c 6b 2a 07 7a 06 28 67 c5 d8 00 02 00 00 00 02 24 00 14 00 02 00 01 05 00 00 00 00 00 05 15 00 00 00 46 67 9c 6b 2a 07 7a 06 28 67 c5 d8 45 06 00 00 00 02 24 00 ff 00 0f 00 01 05 00 00 00 00 00 05 15 00 00 00 46 67 9c 6b 2a 07 7a 06 28 67 c5 d8 00 02 00 00 00 02 24 00 ff 00 0f 00 01 05 00 00 00 00 00 05 15 00 00 00 46 67 9c 6b 2a 07 7a 06 28 67 c5 d8 07 02 00 00 00 02 14 00 94 00 02 00 01 01 00 00 00 00 00 05 09 00 00 00 00 02 14 00 ff 00 0f 00 01 01 00 00 00 00 00 05 12 00 00 00 00 0a 14 00 ff 00 0f 00 01 01 00 00 00 00 00 03 00 00 00 00</SecurityDescriptor><DisplayName><![CDATA[Client Event Forwarding]]></DisplayName><Options><![CDATA[0]]></Options><UserVersionNumber><![CDATA[65537]]></UserVersionNumber><MachineVersionNumber><![CDATA[131074]]></MachineVersionNumber><MachineExtensionGuids><![CDATA[[{35378EAC-683F-11D2-A89A-00C04FBBCFA2}{62C1845D-C4A6-4ACB-BBB0-C895FD090385}{D02B1F72-3407-48AE-BA88-E8213C6761F1}][{827D319E-6EAC-11D2-A4EA-00C04F79F83A}{803E14A0-B4FB-11D0-A0D0-00A0C90F574B}][{F3CCC681-B74C-4060-9F26-CD84525DCA2A}{0F3F3735-573D-9804-99E4-AB2A69BA5FD4}]]]></MachineExtensionGuids><UserExtensionGuids/><WMIFilter/></GroupPolicyCoreSettings> 
        <GroupPolicyExtension bkp:ID="{35378EAC-683F-11D2-A89A-00C04FBBCFA2}" bkp:DescName="Registry">
            <FSObjectFile bkp:Path="%GPO_MACH_FSPATH%\registry.pol" bkp:SourceExpandedPath="\\DC1.contoso.com\sysvol\contoso.com\Policies\{A0CC2660-298B-4C5E-B5A4-DB910823A755}\Machine\registry.pol" bkp:Location="DomainSysvol\GPO\Machine\registry.pol"/>
            
            <FSObjectFile bkp:Path="%GPO_FSPATH%\Adm\*.*" bkp:SourceExpandedPath="\\DC1.contoso.com\sysvol\contoso.com\Policies\{A0CC2660-298B-4C5E-B5A4-DB910823A755}\Adm\*.*"/>
        </GroupPolicyExtension>
        
        
        
        
        <GroupPolicyExtension bkp:ID="{827D319E-6EAC-11D2-A4EA-00C04F79F83A}" bkp:DescName="Security">
            <FSObjectFile bkp:Path="%GPO_MACH_FSPATH%\microsoft\windows nt\SecEdit\GptTmpl.inf" bkp:SourceExpandedPath="\\DC1.contoso.com\sysvol\contoso.com\Policies\{A0CC2660-298B-4C5E-B5A4-DB910823A755}\Machine\microsoft\windows nt\SecEdit\GptTmpl.inf" bkp:ReEvaluateFunction="SecurityValidateSettings" bkp:Location="DomainSysvol\GPO\Machine\microsoft\windows nt\SecEdit\GptTmpl.inf"/>
        </GroupPolicyExtension>
        
        
        
        
    <GroupPolicyExtension bkp:ID="{F15C46CD-82A0-4C2D-A210-5D0D3182A418}" bkp:DescName="Unknown Extension"><FSObjectFile bkp:Path="%GPO_MACH_FSPATH%\comment.cmtx" bkp:SourceExpandedPath="\\DC1.contoso.com\sysvol\contoso.com\Policies\{A0CC2660-298B-4C5E-B5A4-DB910823A755}\Machine\comment.cmtx" bkp:Location="DomainSysvol\GPO\Machine\comment.cmtx"/><FSObjectDir bkp:Path="%GPO_MACH_FSPATH%\microsoft" bkp:SourceExpandedPath="\\DC1.contoso.com\sysvol\contoso.com\Policies\{A0CC2660-298B-4C5E-B5A4-DB910823A755}\Machine\microsoft" bkp:Location="DomainSysvol\GPO\Machine\microsoft"/><FSObjectDir bkp:Path="%GPO_MACH_FSPATH%\microsoft\windows nt" bkp:SourceExpandedPath="\\DC1.contoso.com\sysvol\contoso.com\Policies\{A0CC2660-298B-4C5E-B5A4-DB910823A755}\Machine\microsoft\windows nt" bkp:Location="DomainSysvol\GPO\Machine\microsoft\windows nt"/><FSObjectDir bkp:Path="%GPO_MACH_FSPATH%\microsoft\windows nt\Audit" bkp:SourceExpandedPath="\\DC1.contoso.com\sysvol\contoso.com\Policies\{A0CC2660-298B-4C5E-B5A4-DB910823A755}\Machine\microsoft\windows nt\Audit" bkp:Location="DomainSysvol\GPO\Machine\microsoft\windows nt\Audit"/><FSObjectFile bkp:Path="%GPO_MACH_FSPATH%\microsoft\windows nt\Audit\audit.csv" bkp:SourceExpandedPath="\\DC1.contoso.com\sysvol\contoso.com\Policies\{A0CC2660-298B-4C5E-B5A4-DB910823A755}\Machine\microsoft\windows nt\Audit\audit.csv" bkp:Location="DomainSysvol\GPO\Machine\microsoft\windows nt\Audit\audit.csv"/><FSObjectDir bkp:Path="%GPO_MACH_FSPATH%\microsoft\windows nt\SecEdit" bkp:SourceExpandedPath="\\DC1.contoso.com\sysvol\contoso.com\Policies\{A0CC2660-298B-4C5E-B5A4-DB910823A755}\Machine\microsoft\windows nt\SecEdit" bkp:Location="DomainSysvol\GPO\Machine\microsoft\windows nt\SecEdit"/><FSObjectDir bkp:Path="%GPO_MACH_FSPATH%\Preferences" bkp:SourceExpandedPath="\\DC1.contoso.com\sysvol\contoso.com\Policies\{A0CC2660-298B-4C5E-B5A4-DB910823A755}\Machine\Preferences" bkp:Location="DomainSysvol\GPO\Machine\Preferences"/><FSObjectDir bkp:Path="%GPO_MACH_FSPATH%\Preferences\ScheduledTasks" bkp:SourceExpandedPath="\\DC1.contoso.com\sysvol\contoso.com\Policies\{A0CC2660-298B-4C5E-B5A4-DB910823A755}\Machine\Preferences\ScheduledTasks" bkp:Location="DomainSysvol\GPO\Machine\Preferences\ScheduledTasks"/><FSObjectDir bkp:Path="%GPO_MACH_FSPATH%\Scripts" bkp:SourceExpandedPath="\\DC1.contoso.com\sysvol\contoso.com\Policies\{A0CC2660-298B-4C5E-B5A4-DB910823A755}\Machine\Scripts" bkp:Location="DomainSysvol\GPO\Machine\Scripts"/><FSObjectDir bkp:Path="%GPO_MACH_FSPATH%\Scripts\Shutdown" bkp:SourceExpandedPath="\\DC1.contoso.com\sysvol\contoso.com\Policies\{A0CC2660-298B-4C5E-B5A4-DB910823A755}\Machine\Scripts\Shutdown" bkp:Location="DomainSysvol\GPO\Machine\Scripts\Shutdown"/><FSObjectDir bkp:Path="%GPO_MACH_FSPATH%\Scripts\Startup" bkp:SourceExpandedPath="\\DC1.contoso.com\sysvol\contoso.com\Policies\{A0CC2660-298B-4C5E-B5A4-DB910823A755}\Machine\Scripts\Startup" bkp:Location="DomainSysvol\GPO\Machine\Scripts\Startup"/></GroupPolicyExtension></GroupPolicyObject>
</GroupPolicyBackupScheme>