<BackupInst xmlns="http://www.microsoft.com/GroupPolicy/GPOOperations/Manifest"><GPOGuid><![CDATA[{A0CC2660-298B-4C5E-B5A4-DB910823A755}]]></GPOGuid><GPODomain><![CDATA[contoso.com]]></GPODomain><GPODomainGuid><![CDATA[{89cd66bd-496c-4d49-a344-b5da2fe79d3b}]]></GPODomainGuid><GPODomainController><![CDATA[DC1.contoso.com]]></GPODomainController><BackupTime><![CDATA[2015-09-22T07:10:54]]></BackupTime><ID><![CDATA[{18EA2F99-F8E1-4A5E-8BD9-EC25B3A89127}]]></ID><Comment><![CDATA[Export of GPO used to configure event sources for WEF]]></Comment><GPODisplayName><![CDATA[Client Event Forwarding]]></GPODisplayName></BackupInst>
