<Backups xmlns="http://www.microsoft.com/GroupPolicy/GPOOperations/Manifest" xmlns:mfst="http://www.microsoft.com/GroupPolicy/GPOOperations/Manifest" mfst:version="1.0"><BackupInst><GPOGuid><![CDATA[{C4711461-14DA-4DDD-B8A6-CB0859DBE02A}]]></GPOGuid><GPODomain><![CDATA[contoso.com]]></GPODomain><GPODomainGuid><![CDATA[{89cd66bd-496c-4d49-a344-b5da2fe79d3b}]]></GPODomainGuid><GPODomainController><![CDATA[DC1.contoso.com]]></GPODomainController><BackupTime><![CDATA[2015-09-22T07:12:02]]></BackupTime><ID><![CDATA[{909EADD9-AF04-41BA-856B-7644B4871A68}]]></ID><Comment><![CDATA[]]></Comment><GPODisplayName><![CDATA[Site Event Collector Configuration]]></GPODisplayName></BackupInst></Backups>